-- Categorias
INSERT INTO categories (id, name) VALUES
    ('7f1d7b10-7a2a-4f0b-9bb8-ecb4b0b1a001', 'Eletrônicos'),
    ('7f1d7b10-7a2a-4f0b-9bb8-ecb4b0b1a002', 'Informática'),
    ('7f1d7b10-7a2a-4f0b-9bb8-ecb4b0b1a003', 'Eletrodomésticos'),
    ('7f1d7b10-7a2a-4f0b-9bb8-ecb4b0b1a004', 'Casa e Jardim'),
    ('7f1d7b10-7a2a-4f0b-9bb8-ecb4b0b1a005', 'Esporte e Lazer'),
    ('7f1d7b10-7a2a-4f0b-9bb8-ecb4b0b1a006', 'Livros'),
    ('7f1d7b10-7a2a-4f0b-9bb8-ecb4b0b1a007', 'Beleza'),
    ('7f1d7b10-7a2a-4f0b-9bb8-ecb4b0b1a008', 'Pet Shop'),
    ('7f1d7b10-7a2a-4f0b-9bb8-ecb4b0b1a009', 'Brinquedos'),
    ('7f1d7b10-7a2a-4f0b-9bb8-ecb4b0b1a00a', 'Moda'),
    ('7f1d7b10-7a2a-4f0b-9bb8-ecb4b0b1a00b', 'Ferramentas'),
    ('7f1d7b10-7a2a-4f0b-9bb8-ecb4b0b1a00c', 'Automotivo')
ON CONFLICT DO NOTHING;

-- Clientes
INSERT INTO customers (id, name, email) VALUES
    ('b1f1a8e0-8c00-4b1a-a1aa-000000000001', 'Ana Luiza Ferreira', 'ana.ferreira@gmail.com'),
    ('b1f1a8e0-8c00-4b1a-a1aa-000000000002', 'Bruno Almeida', 'bruno.almeida@outlook.com'),
    ('b1f1a8e0-8c00-4b1a-a1aa-000000000003', 'Carla Mendes', 'carla.mendes@yahoo.com'),
    ('b1f1a8e0-8c00-4b1a-a1aa-000000000004', 'Diego Souza', 'diego.souza@gmail.com'),
    ('b1f1a8e0-8c00-4b1a-a1aa-000000000005', 'Elisa Rocha', 'elisa.rocha@live.com'),
    ('b1f1a8e0-8c00-4b1a-a1aa-000000000006', 'Felipe Santos', 'felipe.santos@empresa.com.br'),
    ('b1f1a8e0-8c00-4b1a-a1aa-000000000007', 'Gabriela Costa', 'gabriela.costa@gmail.com'),
    ('b1f1a8e0-8c00-4b1a-a1aa-000000000008', 'Henrique Oliveira', 'henrique.oliveira@outlook.com'),
    ('b1f1a8e0-8c00-4b1a-a1aa-000000000009', 'Isabela Martins', 'isabela.martins@gmail.com'),
    ('b1f1a8e0-8c00-4b1a-a1aa-00000000000a', 'João Pedro Barros', 'joao.barros@yahoo.com'),
    ('b1f1a8e0-8c00-4b1a-a1aa-00000000000b', 'Karen Ribeiro', 'karen.ribeiro@gmail.com'),
    ('b1f1a8e0-8c00-4b1a-a1aa-00000000000c', 'Lucas Almeida', 'lucas.almeida@outlook.com'),
    ('b1f1a8e0-8c00-4b1a-a1aa-00000000000d', 'Mariana Pires', 'mariana.pires@gmail.com'),
    ('b1f1a8e0-8c00-4b1a-a1aa-00000000000e', 'Nelson Carvalho', 'nelson.carvalho@provedor.com'),
    ('b1f1a8e0-8c00-4b1a-a1aa-00000000000f', 'Olivia Nunes', 'olivia.nunes@gmail.com'),
    ('b1f1a8e0-8c00-4b1a-a1aa-000000000010', 'Paulo Azevedo', 'paulo.azevedo@empresa.com.br'),
    ('b1f1a8e0-8c00-4b1a-a1aa-000000000011', 'Queila Farias', 'queila.farias@gmail.com'),
    ('b1f1a8e0-8c00-4b1a-a1aa-000000000012', 'Rafael Teixeira', 'rafael.teixeira@outlook.com'),
    ('b1f1a8e0-8c00-4b1a-a1aa-000000000013', 'Sabrina Moraes', 'sabrina.moraes@gmail.com'),
    ('b1f1a8e0-8c00-4b1a-a1aa-000000000014', 'Thiago Lima', 'thiago.lima@yahoo.com'),
    ('b1f1a8e0-8c00-4b1a-a1aa-000000000015', 'Ursula Duarte', 'ursula.duarte@gmail.com'),
    ('b1f1a8e0-8c00-4b1a-a1aa-000000000016', 'Victor Ramos', 'victor.ramos@outlook.com'),
    ('b1f1a8e0-8c00-4b1a-a1aa-000000000017', 'William Pereira', 'william.pereira@gmail.com'),
    ('b1f1a8e0-8c00-4b1a-a1aa-000000000018', 'Yara Cardoso', 'yara.cardoso@empresa.com.br')
ON CONFLICT DO NOTHING;

-- Produtos)
INSERT INTO products (id, category_id, name, price, description, stock_quantity, created_at, last_modified_at) VALUES
    -- Eletrônicos
    ('2d9f1c20-2b3c-4d5e-8f6a-000000000001', '7f1d7b10-7a2a-4f0b-9bb8-ecb4b0b1a001', 'Smartphone Orion X Pro 128GB', 3499.90, 'Tela 6.5", 5G, câmera 64MP', 120, '2025-01-10 10:00:00+00', '2025-02-10 10:00:00+00'),
    ('2d9f1c20-2b3c-4d5e-8f6a-000000000002', '7f1d7b10-7a2a-4f0b-9bb8-ecb4b0b1a001', 'Fone Bluetooth WavePlus ANC', 699.00, 'Cancelamento ativo de ruído', 250, '2025-01-10 10:00:00+00', '2025-02-10 10:00:00+00'),
    ('2d9f1c20-2b3c-4d5e-8f6a-000000000003', '7f1d7b10-7a2a-4f0b-9bb8-ecb4b0b1a001', 'Smart TV 55" Nova UHD 4K', 2799.00, 'HDR10, Wi-Fi, 3 HDMI', 60, '2025-01-10 10:00:00+00', '2025-02-10 10:00:00+00'),
    -- Informática
    ('2d9f1c20-2b3c-4d5e-8f6a-000000000004', '7f1d7b10-7a2a-4f0b-9bb8-ecb4b0b1a002', 'Notebook Atlas 14" i7 16GB', 5599.00, 'SSD 512GB, Windows 11', 40, '2025-01-10 10:00:00+00', '2025-02-10 10:00:00+00'),
    ('2d9f1c20-2b3c-4d5e-8f6a-000000000005', '7f1d7b10-7a2a-4f0b-9bb8-ecb4b0b1a002', 'Teclado Mecânico Nimbus RGB', 399.90, 'Switch brown, ABNT2', 180, '2025-01-10 10:00:00+00', '2025-02-10 10:00:00+00'),
    ('2d9f1c20-2b3c-4d5e-8f6a-000000000006', '7f1d7b10-7a2a-4f0b-9bb8-ecb4b0b1a002', 'Mouse Gamer Falcon 7200DPI', 199.90, 'RGB, 7 botões programáveis', 300, '2025-01-10 10:00:00+00', '2025-02-10 10:00:00+00'),
    -- Eletrodomésticos
    ('2d9f1c20-2b3c-4d5e-8f6a-000000000007', '7f1d7b10-7a2a-4f0b-9bb8-ecb4b0b1a003', 'Geladeira FrostMax 400L', 3999.00, 'Frost free, classe A+', 35, '2025-01-10 10:00:00+00', '2025-02-10 10:00:00+00'),
    ('2d9f1c20-2b3c-4d5e-8f6a-000000000008', '7f1d7b10-7a2a-4f0b-9bb8-ecb4b0b1a003', 'Micro-ondas QuickHeat 30L', 799.00, 'Função grill, 10 níveis', 90, '2025-01-10 10:00:00+00', '2025-02-10 10:00:00+00'),
    ('2d9f1c20-2b3c-4d5e-8f6a-000000000009', '7f1d7b10-7a2a-4f0b-9bb8-ecb4b0b1a003', 'Aspirador Cyclone 2000W', 549.90, 'Filtro HEPA, cabo 5m', 110, '2025-01-10 10:00:00+00', '2025-02-10 10:00:00+00'),
    -- Casa e Jardim
    ('2d9f1c20-2b3c-4d5e-8f6a-00000000000a', '7f1d7b10-7a2a-4f0b-9bb8-ecb4b0b1a004', 'Jogo de Panelas Aço 10pçs', 899.90, 'Revestimento antiaderente', 70, '2025-01-10 10:00:00+00', '2025-02-10 10:00:00+00'),
    ('2d9f1c20-2b3c-4d5e-8f6a-00000000000b', '7f1d7b10-7a2a-4f0b-9bb8-ecb4b0b1a004', 'Conjunto Cama Queen 400 fios', 459.90, '100% algodão', 85, '2025-01-10 10:00:00+00', '2025-02-10 10:00:00+00'),
    ('2d9f1c20-2b3c-4d5e-8f6a-00000000000c', '7f1d7b10-7a2a-4f0b-9bb8-ecb4b0b1a004', 'Kit Ferramentas Jardim 8pçs', 229.90, 'Tesoura, pá, ancinho', 95, '2025-01-10 10:00:00+00', '2025-02-10 10:00:00+00'),
    -- Esporte e Lazer
    ('2d9f1c20-2b3c-4d5e-8f6a-00000000000d', '7f1d7b10-7a2a-4f0b-9bb8-ecb4b0b1a005', 'Bicicleta Trail 29" 24v', 2899.00, 'Freio a disco hidráulico', 22, '2025-01-10 10:00:00+00', '2025-02-10 10:00:00+00'),
    ('2d9f1c20-2b3c-4d5e-8f6a-00000000000e', '7f1d7b10-7a2a-4f0b-9bb8-ecb4b0b1a005', 'Tênis Running Aero', 349.90, 'Leve e respirável', 150, '2025-01-10 10:00:00+00', '2025-02-10 10:00:00+00'),
    ('2d9f1c20-2b3c-4d5e-8f6a-00000000000f', '7f1d7b10-7a2a-4f0b-9bb8-ecb4b0b1a005', 'Bola Futebol Pro', 169.90, 'Costurada à mão', 200, '2025-01-10 10:00:00+00', '2025-02-10 10:00:00+00'),
    -- Livros
    ('2d9f1c20-2b3c-4d5e-8f6a-000000000010', '7f1d7b10-7a2a-4f0b-9bb8-ecb4b0b1a006', 'Livro ''Arquitetura de Software''', 149.90, 'Conceitos e práticas modernas', 120, '2025-01-10 10:00:00+00', '2025-02-10 10:00:00+00'),
    ('2d9f1c20-2b3c-4d5e-8f6a-000000000011', '7f1d7b10-7a2a-4f0b-9bb8-ecb4b0b1a006', 'Livro ''Algoritmos em Java''', 129.90, 'Estruturas de dados e algoritmos', 110, '2025-01-10 10:00:00+00', '2025-02-10 10:00:00+00'),
    ('2d9f1c20-2b3c-4d5e-8f6a-000000000012', '7f1d7b10-7a2a-4f0b-9bb8-ecb4b0b1a006', 'Livro "Clean Code - Edição BR"', 179.90, 'Boas práticas de código limpo', 130, '2025-01-10 10:00:00+00', '2025-02-10 10:00:00+00'),
    -- Beleza
    ('2d9f1c20-2b3c-4d5e-8f6a-000000000013', '7f1d7b10-7a2a-4f0b-9bb8-ecb4b0b1a007', 'Secador de Cabelo IonCare', 249.90, 'Tecnologia íon tourmaline', 140, '2025-01-10 10:00:00+00', '2025-02-10 10:00:00+00'),
    ('2d9f1c20-2b3c-4d5e-8f6a-000000000014', '7f1d7b10-7a2a-4f0b-9bb8-ecb4b0b1a007', 'Escova Alisadora Shine', 199.90, 'Controle de temperatura', 160, '2025-01-10 10:00:00+00', '2025-02-10 10:00:00+00'),
    ('2d9f1c20-2b3c-4d5e-8f6a-000000000015', '7f1d7b10-7a2a-4f0b-9bb8-ecb4b0b1a007', 'Kit Skincare Diário', 159.90, 'Limpeza, tônico e hidratante', 180, '2025-01-10 10:00:00+00', '2025-02-10 10:00:00+00'),
    -- Pet Shop
    ('2d9f1c20-2b3c-4d5e-8f6a-000000000016', '7f1d7b10-7a2a-4f0b-9bb8-ecb4b0b1a008', 'Ração Premium Cães 10kg', 189.90, 'Para todas as raças', 90, '2025-01-10 10:00:00+00', '2025-02-10 10:00:00+00'),
    ('2d9f1c20-2b3c-4d5e-8f6a-000000000017', '7f1d7b10-7a2a-4f0b-9bb8-ecb4b0b1a008', 'Areia Higiênica Gatos 12kg', 79.90, 'Alta absorção e controle de odor', 140, '2025-01-10 10:00:00+00', '2025-02-10 10:00:00+00'),
    ('2d9f1c20-2b3c-4d5e-8f6a-000000000018', '7f1d7b10-7a2a-4f0b-9bb8-ecb4b0b1a008', 'Brinquedo Mordedor Nylon', 39.90, 'Resistente e atóxico', 220, '2025-01-10 10:00:00+00', '2025-02-10 10:00:00+00'),
    -- Brinquedos
    ('2d9f1c20-2b3c-4d5e-8f6a-000000000019', '7f1d7b10-7a2a-4f0b-9bb8-ecb4b0b1a009', 'Blocos de Montar 1000pçs', 299.90, 'Compatível, alta qualidade', 75, '2025-01-10 10:00:00+00', '2025-02-10 10:00:00+00'),
    ('2d9f1c20-2b3c-4d5e-8f6a-00000000001a', '7f1d7b10-7a2a-4f0b-9bb8-ecb4b0b1a009', 'Boneca Interativa Luna', 219.90, 'Fala e canta, com acessórios', 80, '2025-01-10 10:00:00+00', '2025-02-10 10:00:00+00'),
    ('2d9f1c20-2b3c-4d5e-8f6a-00000000001b', '7f1d7b10-7a2a-4f0b-9bb8-ecb4b0b1a009', 'Carrinho Controle Remoto X', 189.90, '2.4GHz, bateria recarregável', 95, '2025-01-10 10:00:00+00', '2025-02-10 10:00:00+00'),
    -- Moda
    ('2d9f1c20-2b3c-4d5e-8f6a-00000000001c', '7f1d7b10-7a2a-4f0b-9bb8-ecb4b0b1a00a', 'Camiseta Básica Algodão', 59.90, 'Malha premium, várias cores', 300, '2025-01-10 10:00:00+00', '2025-02-10 10:00:00+00'),
    ('2d9f1c20-2b3c-4d5e-8f6a-00000000001d', '7f1d7b10-7a2a-4f0b-9bb8-ecb4b0b1a00a', 'Jaqueta Corta Vento', 249.90, 'Resistente à água', 120, '2025-01-10 10:00:00+00', '2025-02-10 10:00:00+00'),
    ('2d9f1c20-2b3c-4d5e-8f6a-00000000001e', '7f1d7b10-7a2a-4f0b-9bb8-ecb4b0b1a00a', 'Calça Jeans Slim', 179.90, 'Modelagem confortável', 150, '2025-01-10 10:00:00+00', '2025-02-10 10:00:00+00'),
    -- Ferramentas
    ('2d9f1c20-2b3c-4d5e-8f6a-00000000001f', '7f1d7b10-7a2a-4f0b-9bb8-ecb4b0b1a00b', 'Furadeira Impacto 650W', 279.90, 'Velocidade variável', 85, '2025-01-10 10:00:00+00', '2025-02-10 10:00:00+00'),
    ('2d9f1c20-2b3c-4d5e-8f6a-000000000020', '7f1d7b10-7a2a-4f0b-9bb8-ecb4b0b1a00b', 'Parafusadeira 12V', 319.90, '2 baterias inclusas', 70, '2025-01-10 10:00:00+00', '2025-02-10 10:00:00+00'),
    ('2d9f1c20-2b3c-4d5e-8f6a-000000000021', '7f1d7b10-7a2a-4f0b-9bb8-ecb4b0b1a00b', 'Serra Tico-Tico 450W', 259.90, 'Guia paralela inclusa', 65, '2025-01-10 10:00:00+00', '2025-02-10 10:00:00+00'),
    -- Automotivo
    ('2d9f1c20-2b3c-4d5e-8f6a-000000000022', '7f1d7b10-7a2a-4f0b-9bb8-ecb4b0b1a00c', 'Kit Palhetas Limpador', 79.90, 'Universal, par', 140, '2025-01-10 10:00:00+00', '2025-02-10 10:00:00+00'),
    ('2d9f1c20-2b3c-4d5e-8f6a-000000000023', '7f1d7b10-7a2a-4f0b-9bb8-ecb4b0b1a00c', 'Óleo Motor Sintético 5W30 1L', 49.90, 'API SN, baixo atrito', 300, '2025-01-10 10:00:00+00', '2025-02-10 10:00:00+00'),
    ('2d9f1c20-2b3c-4d5e-8f6a-000000000024', '7f1d7b10-7a2a-4f0b-9bb8-ecb4b0b1a00c', 'Calibrador Digital Portátil', 159.90, 'Com luz de LED', 90, '2025-01-10 10:00:00+00', '2025-02-10 10:00:00+00')
ON CONFLICT DO NOTHING;

-- Pedidos
INSERT INTO orders (id, customer_id, status, total, created_at) VALUES
    ('5a3d7e10-9000-4f00-b000-000000000001', 'b1f1a8e0-8c00-4b1a-a1aa-000000000001', 'COMPLETED', 4198.90, '2025-02-02 10:20:00+00'),
    ('5a3d7e10-9000-4f00-b000-000000000002', 'b1f1a8e0-8c00-4b1a-a1aa-000000000003', 'IN_PROGRESS', 6198.80, '2025-02-05 14:12:00+00'),
    ('5a3d7e10-9000-4f00-b000-000000000003', 'b1f1a8e0-8c00-4b1a-a1aa-000000000002', 'COMPLETED', 3588.70, '2025-02-07 09:05:00+00'),
    ('5a3d7e10-9000-4f00-b000-000000000004', 'b1f1a8e0-8c00-4b1a-a1aa-000000000005', 'PENDING', 459.70, '2025-02-09 16:40:00+00'),
    ('5a3d7e10-9000-4f00-b000-000000000005', 'b1f1a8e0-8c00-4b1a-a1aa-000000000004', 'COMPLETED', 3698.90, '2025-02-10 11:30'),
    ('5a3d7e10-9000-4f00-b000-000000000006', 'b1f1a8e0-8c00-4b1a-a1aa-000000000006', 'CANCELLED', 359.60, '2025-02-12 08:15:00+00'),
    ('5a3d7e10-9000-4f00-b000-000000000007', 'b1f1a8e0-8c00-4b1a-a1aa-000000000007', 'IN_PROGRESS', 769.60, '2025-02-14 13:25:00+00'),
    ('5a3d7e10-9000-4f00-b000-000000000008', 'b1f1a8e0-8c00-4b1a-a1aa-000000000008', 'COMPLETED', 539.50, '2025-02-16 18:45:00+00'),
    ('5a3d7e10-9000-4f00-b000-000000000009', 'b1f1a8e0-8c00-4b1a-a1aa-000000000009', 'COMPLETED', 859.70, '2025-02-17 10:10:00+00'),
    ('5a3d7e10-9000-4f00-b000-00000000000a', 'b1f1a8e0-8c00-4b1a-a1aa-00000000000a', 'PENDING', 709.70, '2025-02-18 15:55:00+00'),
    ('5a3d7e10-9000-4f00-b000-00000000000b', 'b1f1a8e0-8c00-4b1a-a1aa-00000000000b', 'IN_PROGRESS', 4548.90, '2025-02-19 12:00:00+00'),
    ('5a3d7e10-9000-4f00-b000-00000000000c', 'b1f1a8e0-8c00-4b1a-a1aa-00000000000c', 'COMPLETED', 5599.00, '2025-02-20 17:05:00+00'),
    ('5a3d7e10-9000-4f00-b000-00000000000d', 'b1f1a8e0-8c00-4b1a-a1aa-00000000000d', 'COMPLETED', 1258.90, '2025-02-21 19:20:00+00'),
    ('5a3d7e10-9000-4f00-b000-00000000000e', 'b1f1a8e0-8c00-4b1a-a1aa-00000000000e', 'CANCELLED', 549.60, '2025-02-22 09:35:00+00'),
    ('5a3d7e10-9000-4f00-b000-00000000000f', 'b1f1a8e0-8c00-4b1a-a1aa-00000000000f', 'COMPLETED', 6298.90, '2025-02-23 20:50:00+00'),
    ('5a3d7e10-9000-4f00-b000-000000000010', 'b1f1a8e0-8c00-4b1a-a1aa-000000000010', 'PENDING', 509.80, '2025-02-24 07:45:00+00'),
    ('5a3d7e10-9000-4f00-b000-000000000011', 'b1f1a8e0-8c00-4b1a-a1aa-000000000011', 'COMPLETED', 519.30, '2025-02-25 11:22:00+00'),
    ('5a3d7e10-9000-4f00-b000-000000000012', 'b1f1a8e0-8c00-4b1a-a1aa-000000000012', 'IN_PROGRESS', 1298.80, '2025-02-26 13:10:00+00'),
    ('5a3d7e10-9000-4f00-b000-000000000013', 'b1f1a8e0-8c00-4b1a-a1aa-000000000013', 'COMPLETED', 429.60, '2025-02-27 16:00:00+00'),
    ('5a3d7e10-9000-4f00-b000-000000000014', 'b1f1a8e0-8c00-4b1a-a1aa-000000000014', 'COMPLETED', 1349.70, '2025-02-28 08:48:00+00'),
    ('5a3d7e10-9000-4f00-b000-000000000015', 'b1f1a8e0-8c00-4b1a-a1aa-000000000015', 'PENDING', 599.70, '2025-03-01 10:30:00+00'),
    ('5a3d7e10-9000-4f00-b000-000000000016', 'b1f1a8e0-8c00-4b1a-a1aa-000000000016', 'IN_PROGRESS', 3248.90, '2025-03-02 14:14:00+00'),
    ('5a3d7e10-9000-4f00-b000-000000000017', 'b1f1a8e0-8c00-4b1a-a1aa-000000000017', 'COMPLETED', 5897.80, '2025-03-03 09:09:00+00'),
    ('5a3d7e10-9000-4f00-b000-000000000018', 'b1f1a8e0-8c00-4b1a-a1aa-000000000018', 'COMPLETED', 1009.20, '2025-03-04 21:21:00+00')
ON CONFLICT DO NOTHING;

-- Itens do pedido
INSERT INTO order_items (id, product_id, order_id, quantity, unit_price, created_at, last_modified_at) VALUES
    -- Pedido 1
    ('8f2a6c30-7000-4a00-c000-000000000001', '2d9f1c20-2b3c-4d5e-8f6a-000000000001', '5a3d7e10-9000-4f00-b000-000000000001', 1, 3499.90, '2025-02-02 10:20:00+00', '2025-02-02 10:20:00+00'),
    ('8f2a6c30-7000-4a00-c000-000000000002', '2d9f1c20-2b3c-4d5e-8f6a-000000000002', '5a3d7e10-9000-4f00-b000-000000000001', 1, 699.00, '2025-02-02 10:20:00+00', '2025-02-02 10:20:00+00'),
    -- Pedido 2
    ('8f2a6c30-7000-4a00-c000-000000000003', '2d9f1c20-2b3c-4d5e-8f6a-000000000005', '5a3d7e10-9000-4f00-b000-000000000002', 1, 399.90, '2025-02-05 14:12:00+00', '2025-02-05 14:12:00+00'),
    ('8f2a6c30-7000-4a00-c000-000000000004', '2d9f1c20-2b3c-4d5e-8f6a-000000000006', '5a3d7e10-9000-4f00-b000-000000000002', 1, 199.90, '2025-02-05 14:12:00+00', '2025-02-05 14:12:00+00'),
    ('8f2a6c30-7000-4a00-c000-000000000005', '2d9f1c20-2b3c-4d5e-8f6a-000000000004', '5a3d7e10-9000-4f00-b000-000000000002', 1, 5599.00, '2025-02-05 14:12:00+00', '2025-02-05 14:12:00+00'),
    -- Pedido 3
    ('8f2a6c30-7000-4a00-c000-000000000006', '2d9f1c20-2b3c-4d5e-8f6a-00000000000e', '5a3d7e10-9000-4f00-b000-000000000003', 1, 349.90, '2025-02-07 09:05:00+00', '2025-02-07 09:05:00+00'),
    ('8f2a6c30-7000-4a00-c000-000000000007', '2d9f1c20-2b3c-4d5e-8f6a-00000000000f', '5a3d7e10-9000-4f00-b000-000000000003', 2, 169.90, '2025-02-07 09:05:00+00', '2025-02-07 09:05:00+00'),
    ('8f2a6c30-7000-4a00-c000-000000000008', '2d9f1c20-2b3c-4d5e-8f6a-00000000000d', '5a3d7e10-9000-4f00-b000-000000000003', 1, 2899.00, '2025-02-07 09:05:00+00', '2025-02-07 09:05:00+00'),
    -- Pedido 4
    ('8f2a6c30-7000-4a00-c000-000000000009', '2d9f1c20-2b3c-4d5e-8f6a-000000000010', '5a3d7e10-9000-4f00-b000-000000000004', 1, 149.90, '2025-02-09 16:40:00+00', '2025-02-09 16:40:00+00'),
    ('8f2a6c30-7000-4a00-c000-00000000000a', '2d9f1c20-2b3c-4d5e-8f6a-000000000011', '5a3d7e10-9000-4f00-b000-000000000004', 1, 129.90, '2025-02-09 16:40:00+00', '2025-02-09 16:40:00+00'),
    ('8f2a6c30-7000-4a00-c000-00000000000b', '2d9f1c20-2b3c-4d5e-8f6a-000000000012', '5a3d7e10-9000-4f00-b000-000000000004', 1, 179.90, '2025-02-09 16:40:00+00', '2025-02-09 16:40:00+00'),
    -- Pedido 5
    ('8f2a6c30-7000-4a00-c000-00000000000c', '2d9f1c20-2b3c-4d5e-8f6a-000000000003', '5a3d7e10-9000-4f00-b000-000000000005', 1, 2799.00, '2025-02-10 11:30:00+00', '2025-02-10 11:30:00+00'),
    ('8f2a6c30-7000-4a00-c000-00000000000d', '2d9f1c20-2b3c-4d5e-8f6a-00000000000a', '5a3d7e10-9000-4f00-b000-000000000005', 1, 899.90, '2025-02-10 11:30:00+00', '2025-02-10 11:30:00+00'),
    -- Pedido 6
    ('8f2a6c30-7000-4a00-c000-00000000000e', '2d9f1c20-2b3c-4d5e-8f6a-00000000001c', '5a3d7e10-9000-4f00-b000-000000000006', 3, 59.90, '2025-02-12 08:15:00+00', '2025-02-12 08:15:00+00'),
    ('8f2a6c30-7000-4a00-c000-00000000000f', '2d9f1c20-2b3c-4d5e-8f6a-00000000001e', '5a3d7e10-9000-4f00-b000-000000000006', 1, 179.90, '2025-02-12 08:15:00+00', '2025-02-12 08:15:00+00'),
    -- Pedido 7
    ('8f2a6c30-7000-4a00-c000-000000000010', '2d9f1c20-2b3c-4d5e-8f6a-000000000013', '5a3d7e10-9000-4f00-b000-000000000007', 1, 249.90, '2025-02-14 13:25:00+00', '2025-02-14 13:25:00+00'),
    ('8f2a6c30-7000-4a00-c000-000000000011', '2d9f1c20-2b3c-4d5e-8f6a-000000000014', '5a3d7e10-9000-4f00-b000-000000000007', 1, 199.90, '2025-02-14 13:25:00+00', '2025-02-14 13:25:00+00'),
    ('8f2a6c30-7000-4a00-c000-000000000012', '2d9f1c20-2b3c-4d5e-8f6a-000000000015', '5a3d7e10-9000-4f00-b000-000000000007', 2, 159.90, '2025-02-14 13:25:00+00', '2025-02-14 13:25:00+00'),
    -- Pedido 8
    ('8f2a6c30-7000-4a00-c000-000000000013', '2d9f1c20-2b3c-4d5e-8f6a-000000000016', '5a3d7e10-9000-4f00-b000-000000000008', 2, 189.90, '2025-02-16 18:45:00+00', '2025-02-16 18:45:00+00'),
    ('8f2a6c30-7000-4a00-c000-000000000014', '2d9f1c20-2b3c-4d5e-8f6a-000000000018', '5a3d7e10-9000-4f00-b000-000000000008', 2, 39.90, '2025-02-16 18:45:00+00', '2025-02-16 18:45:00+00'),
    ('8f2a6c30-7000-4a00-c000-000000000015', '2d9f1c20-2b3c-4d5e-8f6a-000000000017', '5a3d7e10-9000-4f00-b000-000000000008', 1, 79.90, '2025-02-16 18:45:00+00', '2025-02-16 18:45:00+00'),
    -- Pedido 9
    ('8f2a6c30-7000-4a00-c000-000000000016', '2d9f1c20-2b3c-4d5e-8f6a-00000000001f', '5a3d7e10-9000-4f00-b000-000000000009', 1, 279.90, '2025-02-17 10:10:00+00', '2025-02-17 10:10:00+00'),
    ('8f2a6c30-7000-4a00-c000-000000000017', '2d9f1c20-2b3c-4d5e-8f6a-000000000020', '5a3d7e10-9000-4f00-b000-000000000009', 1, 319.90, '2025-02-17 10:10:00+00', '2025-02-17 10:10:00+00'),
    ('8f2a6c30-7000-4a00-c000-000000000018', '2d9f1c20-2b3c-4d5e-8f6a-000000000021', '5a3d7e10-9000-4f00-b000-000000000009', 1, 259.90, '2025-02-17 10:10:00+00', '2025-02-17 10:10:00+00'),
    -- Pedido 10
    ('8f2a6c30-7000-4a00-c000-000000000019', '2d9f1c20-2b3c-4d5e-8f6a-000000000019', '5a3d7e10-9000-4f00-b000-00000000000a', 1, 299.90, '2025-02-18 15:55:00+00', '2025-02-18 15:55:00+00'),
    ('8f2a6c30-7000-4a00-c000-00000000001a', '2d9f1c20-2b3c-4d5e-8f6a-00000000001b', '5a3d7e10-9000-4f00-b000-00000000000a', 1, 189.90, '2025-02-18 15:55:00+00', '2025-02-18 15:55:00+00'),
    ('8f2a6c30-7000-4a00-c000-00000000001b', '2d9f1c20-2b3c-4d5e-8f6a-00000000001a', '5a3d7e10-9000-4f00-b000-00000000000a', 1, 219.90, '2025-02-18 15:55:00+00', '2025-02-18 15:55:00+00'),
    -- Pedido 11
    ('8f2a6c30-7000-4a00-c000-00000000001c', '2d9f1c20-2b3c-4d5e-8f6a-000000000007', '5a3d7e10-9000-4f00-b000-00000000000b', 1, 3999.00, '2025-02-19 12:00:00+00', '2025-02-19 12:00:00+00'),
    ('8f2a6c30-7000-4a00-c000-00000000001d', '2d9f1c20-2b3c-4d5e-8f6a-000000000009', '5a3d7e10-9000-4f00-b000-00000000000b', 1, 549.90, '2025-02-19 12:00:00+00', '2025-02-19 12:00:00+00'),
    -- Pedido 12
    ('8f2a6c30-7000-4a00-c000-00000000001e', '2d9f1c20-2b3c-4d5e-8f6a-000000000004', '5a3d7e10-9000-4f00-b000-00000000000c', 1, 5599.00, '2025-02-20 17:05:00+00', '2025-02-20 17:05:00+00'),
    -- Pedido 13
    ('8f2a6c30-7000-4a00-c000-00000000001f', '2d9f1c20-2b3c-4d5e-8f6a-000000000008', '5a3d7e10-9000-4f00-b000-00000000000d', 1, 799.00, '2025-02-21 19:20:00+00', '2025-02-21 19:20:00+00'),
    ('8f2a6c30-7000-4a00-c000-000000000020', '2d9f1c20-2b3c-4d5e-8f6a-00000000000b', '5a3d7e10-9000-4f00-b000-00000000000d', 1, 459.90, '2025-02-21 19:20:00+00', '2025-02-21 19:20:00+00'),
    -- Pedido 14
    ('8f2a6c30-7000-4a00-c000-000000000021', '2d9f1c20-2b3c-4d5e-8f6a-00000000001c', '5a3d7e10-9000-4f00-b000-00000000000e', 2, 59.90, '2025-02-22 09:35:00+00', '2025-02-22 09:35:00+00'),
    ('8f2a6c30-7000-4a00-c000-000000000022', '2d9f1c20-2b3c-4d5e-8f6a-00000000001d', '5a3d7e10-9000-4f00-b000-00000000000e', 1, 249.90, '2025-02-22 09:35:00+00', '2025-02-22 09:35:00+00'),
    ('8f2a6c30-7000-4a00-c000-000000000023', '2d9f1c20-2b3c-4d5e-8f6a-00000000001e', '5a3d7e10-9000-4f00-b000-00000000000e', 1, 179.90, '2025-02-22 09:35:00+00', '2025-02-22 09:35:00+00'),
    -- Pedido 15
    ('8f2a6c30-7000-4a00-c000-000000000024', '2d9f1c20-2b3c-4d5e-8f6a-000000000001', '5a3d7e10-9000-4f00-b000-00000000000f', 1, 3499.90, '2025-02-23 20:50:00+00', '2025-02-23 20:50:00+00'),
    ('8f2a6c30-7000-4a00-c000-000000000025', '2d9f1c20-2b3c-4d5e-8f6a-000000000003', '5a3d7e10-9000-4f00-b000-00000000000f', 1, 2799.00, '2025-02-23 20:50:00+00', '2025-02-23 20:50:00+00'),
    -- Pedido 16
    ('8f2a6c30-7000-4a00-c000-000000000026', '2d9f1c20-2b3c-4d5e-8f6a-00000000000c', '5a3d7e10-9000-4f00-b000-000000000010', 1, 229.90, '2025-02-24 07:45:00+00', '2025-02-24 07:45:00+00'),
    ('8f2a6c30-7000-4a00-c000-000000000027', '2d9f1c20-2b3c-4d5e-8f6a-00000000001f', '5a3d7e10-9000-4f00-b000-000000000010', 1, 279.90, '2025-02-24 07:45:00+00', '2025-02-24 07:45:00+00'),
    -- Pedido 17
    ('8f2a6c30-7000-4a00-c000-000000000028', '2d9f1c20-2b3c-4d5e-8f6a-000000000022', '5a3d7e10-9000-4f00-b000-000000000011', 2, 79.90, '2025-02-25 11:22:00+00', '2025-02-25 11:22:00+00'),
    ('8f2a6c30-7000-4a00-c000-000000000029', '2d9f1c20-2b3c-4d5e-8f6a-000000000023', '5a3d7e10-9000-4f00-b000-000000000011', 4, 49.90, '2025-02-25 11:22:00+00', '2025-02-25 11:22:00+00'),
    ('8f2a6c30-7000-4a00-c000-00000000002a', '2d9f1c20-2b3c-4d5e-8f6a-000000000024', '5a3d7e10-9000-4f00-b000-000000000011', 1, 159.90, '2025-02-25 11:22:00+00', '2025-02-25 11:22:00+00'),
    -- Pedido 18
    ('8f2a6c30-7000-4a00-c000-00000000002b', '2d9f1c20-2b3c-4d5e-8f6a-000000000005', '5a3d7e10-9000-4f00-b000-000000000012', 1, 399.90, '2025-02-26 13:10:00+00', '2025-02-26 13:10:00+00'),
    ('8f2a6c30-7000-4a00-c000-00000000002c', '2d9f1c20-2b3c-4d5e-8f6a-000000000006', '5a3d7e10-9000-4f00-b000-000000000012', 1, 199.90, '2025-02-26 13:10:00+00', '2025-02-26 13:10:00+00'),
    ('8f2a6c30-7000-4a00-c000-00000000002d', '2d9f1c20-2b3c-4d5e-8f6a-000000000002', '5a3d7e10-9000-4f00-b000-000000000012', 1, 699.00, '2025-02-26 13:10:00+00', '2025-02-26 13:10:00+00'),
    -- Pedido 19
    ('8f2a6c30-7000-4a00-c000-00000000002e', '2d9f1c20-2b3c-4d5e-8f6a-000000000016', '5a3d7e10-9000-4f00-b000-000000000013', 1, 189.90, '2025-02-27 16:00:00+00', '2025-02-27 16:00:00+00'),
    ('8f2a6c30-7000-4a00-c000-00000000002f', '2d9f1c20-2b3c-4d5e-8f6a-000000000017', '5a3d7e10-9000-4f00-b000-000000000013', 3, 79.90, '2025-02-27 16:00:00+00', '2025-02-27 16:00:00+00'),
    -- Pedido 20
    ('8f2a6c30-7000-4a00-c000-000000000030', '2d9f1c20-2b3c-4d5e-8f6a-00000000000a', '5a3d7e10-9000-4f00-b000-000000000014', 1, 899.90, '2025-02-28 08:48:00+00', '2025-02-28 08:48:00+00'),
    ('8f2a6c30-7000-4a00-c000-000000000031', '2d9f1c20-2b3c-4d5e-8f6a-000000000010', '5a3d7e10-9000-4f00-b000-000000000014', 1, 149.90, '2025-02-28 08:48:00+00', '2025-02-28 08:48:00+00'),
    ('8f2a6c30-7000-4a00-c000-000000000032', '2d9f1c20-2b3c-4d5e-8f6a-000000000019', '5a3d7e10-9000-4f00-b000-000000000014', 1, 299.90, '2025-02-28 08:48:00+00', '2025-02-28 08:48:00+00'),
    -- Pedido 21
    ('8f2a6c30-7000-4a00-c000-000000000033', '2d9f1c20-2b3c-4d5e-8f6a-00000000001a', '5a3d7e10-9000-4f00-b000-000000000015', 1, 219.90, '2025-03-01 10:30:00+00', '2025-03-01 10:30:00+00'),
    ('8f2a6c30-7000-4a00-c000-000000000034', '2d9f1c20-2b3c-4d5e-8f6a-00000000001b', '5a3d7e10-9000-4f00-b000-000000000015', 2, 189.90, '2025-03-01 10:30:00+00', '2025-03-01 10:30:00+00'),
    -- Pedido 22
    ('8f2a6c30-7000-4a00-c000-000000000035', '2d9f1c20-2b3c-4d5e-8f6a-00000000000d', '5a3d7e10-9000-4f00-b000-000000000016', 1, 2899.00, '2025-03-02 14:14:00+00', '2025-03-02 14:14:00+00'),
    ('8f2a6c30-7000-4a00-c000-000000000036', '2d9f1c20-2b3c-4d5e-8f6a-00000000000e', '5a3d7e10-9000-4f00-b000-000000000016', 1, 349.90, '2025-03-02 14:14:00+00', '2025-03-02 14:14:00+00'),
    -- Pedido 23
    ('8f2a6c30-7000-4a00-c000-000000000037', '2d9f1c20-2b3c-4d5e-8f6a-000000000007', '5a3d7e10-9000-4f00-b000-000000000017', 1, 3999.00, '2025-03-03 09:09:00+00', '2025-03-03 09:09:00+00'),
    ('8f2a6c30-7000-4a00-c000-000000000038', '2d9f1c20-2b3c-4d5e-8f6a-000000000008', '5a3d7e10-9000-4f00-b000-000000000017', 1, 799.00, '2025-03-03 09:09:00+00', '2025-03-03 09:09:00+00'),
    ('8f2a6c30-7000-4a00-c000-000000000039', '2d9f1c20-2b3c-4d5e-8f6a-000000000009', '5a3d7e10-9000-4f00-b000-000000000017', 2, 549.90, '2025-03-03 09:09:00+00', '2025-03-03 09:09:00+00'),
    -- Pedido 24
    ('8f2a6c30-7000-4a00-c000-00000000003a', '2d9f1c20-2b3c-4d5e-8f6a-00000000001c', '5a3d7e10-9000-4f00-b000-000000000018', 4, 59.90, '2025-03-04 21:21:00+00', '2025-03-04 21:21:00+00'),
    ('8f2a6c30-7000-4a00-c000-00000000003b', '2d9f1c20-2b3c-4d5e-8f6a-00000000001d', '5a3d7e10-9000-4f00-b000-000000000018', 1, 249.90, '2025-03-04 21:21:00+00', '2025-03-04 21:21:00+00'),
    ('8f2a6c30-7000-4a00-c000-00000000003c', '2d9f1c20-2b3c-4d5e-8f6a-00000000001e', '5a3d7e10-9000-4f00-b000-000000000018', 2, 179.90, '2025-03-04 21:21:00+00', '2025-03-04 21:21:00+00'),
    ('8f2a6c30-7000-4a00-c000-00000000003d', '2d9f1c20-2b3c-4d5e-8f6a-000000000015', '5a3d7e10-9000-4f00-b000-000000000018', 1, 159.90, '2025-03-04 21:21:00+00', '2025-03-04 21:21:00+00')
ON CONFLICT DO NOTHING;
